AA_1;AA_3;Polar;Hydropathy;Volume;Isoelectric
A;Ala;7,0;1,8;31;6,00
R;Arg;9,1;-4,5;124;10,76
D;Asp;13,0;-3,5;54;2,77
N;Asn;10,0;-3,5;56;5,41
C;Cys;4,8;2,5;55;5,07
E;Glu;12,5;-3,5;83;3,22
Q;Gln;8,6;-3,5;85;5,65
G;Gly;7,9;-0,4;3;5,97
H;His;8,4;-3,2;96;7,59
I;Ile;4,9;4,5;111;6,02
L;Leu;4,9;3,8;111;5,98
K;Lys;10,1;-3,9;119;9,74
M;Met;5,3;1,9;105;5,74
F;Phe;5,0;2,8;132;5,48
P;Pro;6,6;-1,6;32,5;6,30
S;Ser;7,5;-0,8;32;5,68
T;Thr;6,6;-0,7;61;6,16
W;Trp;5,2;-0,9;170;5,89
Y;Tyr;5,4;-1,3;136;5,66
V;Val;5,6;4,2;84;5,96
